Combo,Factors,Split,Observations,SpearmanIC,TopBottomSpreadMean,TopBottomSpreadMedian,TopBottomSpreadStd
imb1,imb1,train,113926,0.07117071287171957,0.00035968832399715174,0.000326895244583042,0.0026598587806635357
imb1,imb1,validation,59834,0.06284580717393937,0.0003292632060204595,0.00033971237685426203,0.0013924862550307577
imb1,imb1,test,53417,0.1423996030814633,0.0003860842168859797,0.0002954441639305694,0.00111927933808474
imb5,imb5,train,113926,0.08407541991735028,0.00021859792964715898,0.00027461203666862,0.002963294520583187
imb5,imb5,validation,59834,0.08776311302963447,0.00027047275643778725,0.0002735152783907846,0.0014416615254758285
imb5,imb5,test,53417,0.08723293214350387,0.00016252428375738563,0.00013352917612496906,0.0013314011629250615
imb10,imb10,train,113926,0.08358827858210345,0.000277974382549007,0.0003836983493886448,0.002984273310775111
imb10,imb10,validation,59834,0.10053148841824,0.00034365503114334577,0.0003539373448183669,0.0014935960483303781
imb10,imb10,test,53417,0.10126481650572036,0.00023137123497953802,0.0002617044755973963,0.0014223026406926496
micro,micro,train,113926,0.0711736256330193,0.00035999757584381635,0.00032759057504130884,0.002661510947059392
micro,micro,validation,59834,0.06284771606087133,0.0003292982350505379,0.00033971237685426203,0.001393076887693659
micro,micro,test,53417,0.14238724546383386,0.00038569293335145264,0.00029341447978367685,0.0011194577109022669
momentum,momentum,train,113926,0.05490214018812093,0.00034769375789245576,0.00034908243749134926,0.0037979009618241614
momentum,momentum,validation,59834,0.008760857142619507,0.00022925735517657778,0.00022937822525320728,0.0016710575490741383
momentum,momentum,test,53417,0.06783049808841601,0.00013636697646954489,0.00018698944279593732,0.001628328533975391
book_change,book_change,train,113926,0.03853606838262956,8.955710348951326e-05,0.00014674444600742964,0.003111826587104209
book_change,book_change,validation,59834,0.05757260220092083,0.00017215245441095273,0.00019682938056961308,0.0014874553031180807
book_change,book_change,test,53417,0.06793471749257958,9.547088581607412e-05,0.00013615160924815295,0.0014034873276412398
micro_imb5,micro+imb5,train,113926,0.08662612759768361,0.00024406098303654544,0.0003144159723313944,0.0028735762069139583
micro_imb5,micro+imb5,validation,59834,0.08208319805322,0.0003297462878386443,0.0003138410207779718,0.001453669660157841
micro_imb5,micro+imb5,test,53417,0.12862405955258652,0.0002471205832709123,0.0002032257069051191,0.0012175772903196408
flow_price,micro+imb5+momentum,train,113926,0.09490738117428525,0.00039713005456392964,0.0003904508109530691,0.0034160628913733823
flow_price,micro+imb5+momentum,validation,59834,0.07958276086968923,0.0004015752018020915,0.00037418147801671076,0.0014621062667511512
flow_price,micro+imb5+momentum,test,53417,0.1347605146243778,0.00030655132338667823,0.0002713989185271215,0.0013047936054099664
full,imb1+imb5+imb10+micro+momentum+book_change+spread+liquidity,train,113926,0.08878808598857549,0.0004149083552299678,0.0003639067781973093,0.003133180649453749
full,imb1+imb5+imb10+micro+momentum+book_change+spread+liquidity,validation,59834,0.0730583996393842,0.00033946932282392846,0.00032287768321287436,0.0013931360139350316
full,imb1+imb5+imb10+micro+momentum+book_change+spread+liquidity,test,53417,0.10726610764429816,0.00023601316526342686,0.000211355424638765,0.0011831238561859226
