HorizonSeconds,Combo,Factors,Regime,Observations,MeanCrossSectionalIC,TopBottomSpreadMean,TopBottomSpreadMedian,TimeSlices
30,imb1,imb1,all,236333,0.13626377587526872,0.00016825859501150723,0.0001396753085525504,15671
30,imb1,imb1,afternoon_1300_1430,89786,0.15806496049594868,0.00017083060557404698,0.0001381141252306863,5400
30,imb1,imb1,close_1430_1500,28146,0.17898817925760652,0.0001794842930413263,0.00012485385722032136,3154
30,imb1,imb1,morning_1000_1130,89350,0.1230496886994874,0.00016345592868179768,0.00014142815749736598,5373
30,imb1,imb1,open_0930_1000,29051,0.07040773391068876,0.00016484825857224892,0.00019934922119648388,1744
30,imb1,imb1,robust_score,236333,0.09151982278474365,,,4
30,imb5,imb5,all,236333,0.09782596060284969,0.00010223818633776784,9.392738165509007e-05,15671
30,imb5,imb5,afternoon_1300_1430,89786,0.11042145788954595,0.00011101757097336783,9.822165509560295e-05,5400
30,imb5,imb5,close_1430_1500,28146,0.13517144713266102,0.00012916421372880427,8.884138087011939e-05,3154
30,imb5,imb5,morning_1000_1130,89350,0.09199246509933856,9.643841956119366e-05,9.30166138702985e-05,5373
30,imb5,imb5,open_0930_1000,29051,0.042654604292015535,6.833925362357043e-05,8.373657462484863e-05,1744
30,imb5,imb5,robust_score,236333,0.06114599262574977,,,4
30,imb10,imb10,all,236333,0.08906977961780538,9.505749267521076e-05,8.701504610754879e-05,15671
30,imb10,imb10,afternoon_1300_1430,89786,0.09820758014160415,9.691923587033631e-05,8.28942585765861e-05,5400
30,imb10,imb10,close_1430_1500,28146,0.12498200158391873,0.00011525298586467493,7.61432710370269e-05,3154
30,imb10,imb10,morning_1000_1130,89350,0.08551866089178943,0.00010234953500827163,9.971409268365783e-05,5373
30,imb10,imb10,open_0930_1000,29051,0.03888496521410589,4.837672022905402e-05,8.217318807259477e-05,1744
30,imb10,imb10,robust_score,236333,0.05573160552967383,,,4
30,micro,micro,all,236333,0.13626591880115704,0.00016821801483281727,0.00013966364075597887,15671
30,micro,micro,afternoon_1300_1430,89786,0.15806536969577448,0.00017084704319128262,0.0001381141252306863,5400
30,micro,micro,close_1430_1500,28146,0.1789920216838941,0.0001794842930413263,0.00012485385722032136,3154
30,micro,micro,morning_1000_1130,89350,0.12304442343553523,0.00016341469912747978,0.00014120227325940352,5373
30,micro,micro,open_0930_1000,29051,0.07043653146687803,0.00016459599160810579,0.00019934922119648388,1744
30,micro,micro,robust_score,236333,0.09153621127329697,,,4
30,momentum,momentum,all,236333,0.04212504242126541,6.954168313799815e-05,5.5980511102356655e-05,15671
30,momentum,momentum,afternoon_1300_1430,89786,0.04894563088713872,7.46045034869599e-05,5.331467419887604e-05,5400
30,momentum,momentum,close_1430_1500,28146,0.039928251661213145,5.321575459269694e-05,3.9681401625135684e-05,3154
30,momentum,momentum,morning_1000_1130,89350,0.027263648712555398,4.442879857338339e-05,5.570707090625052e-05,5373
30,momentum,momentum,open_0930_1000,29051,0.06881384239943311,0.000146172119854496,0.0001624194791759367,1744
30,momentum,momentum,robust_score,236333,0.031098169906013568,,,4
30,book_change,book_change,all,236333,0.0990816911241806,0.00010013333782093735,9.307064225792341e-05,15671
30,book_change,book_change,afternoon_1300_1430,89786,0.11970307590871469,0.00011707788785664834,9.89053598552438e-05,5400
30,book_change,book_change,close_1430_1500,28146,0.15088174907992352,0.00011850431147575777,0.00010558006713529133,3154
30,book_change,book_change,morning_1000_1130,89350,0.07486949138773487,8.266623032782167e-05,8.235635974160327e-05,5373
30,book_change,book_change,open_0930_1000,29051,0.06248913749477175,8.471278663496599e-05,8.16540290548099e-05,1744
30,book_change,book_change,robust_score,236333,0.06663053768848037,,,4
30,micro_imb5,micro+imb5,all,236333,0.13561528276157578,0.0001608212609584753,0.00013487407876801769,15671
30,micro_imb5,micro+imb5,afternoon_1300_1430,89786,0.1578121939433259,0.0001672680040293237,0.0001358286788251395,5400
30,micro_imb5,micro+imb5,close_1430_1500,28146,0.1808366330214952,0.00017569920949174074,0.00012513000460247686,3154
30,micro_imb5,micro+imb5,morning_1000_1130,89350,0.12182956171519314,0.0001538323734653378,0.00013207572666819784,5373
30,micro_imb5,micro+imb5,open_0930_1000,29051,0.0680133021744912,0.00014881211798751774,0.00018284336931753686,1744
30,micro_imb5,micro+imb5,robust_score,236333,0.0895525076504983,,,4
30,flow_price,micro+imb5+momentum,all,236333,0.1386067126195707,0.00016984869380184242,0.00014147960310571342,15671
30,flow_price,micro+imb5+momentum,afternoon_1300_1430,89786,0.16288872007463007,0.00017689199393925405,0.00014272002268926148,5400
30,flow_price,micro+imb5+momentum,close_1430_1500,28146,0.1794560900448927,0.00018218642312301504,0.00012543104785225911,3154
30,flow_price,micro+imb5+momentum,morning_1000_1130,89350,0.11981673924416283,0.00015112628102217207,0.0001380745730690987,5373
30,flow_price,micro+imb5+momentum,open_0930_1000,29051,0.08396679778893833,0.00019448000520354123,0.00021959549240913034,1744
30,flow_price,micro+imb5+momentum,robust_score,236333,0.09918354389532759,,,4
30,full,imb1+imb5+imb10+micro+momentum+book_change+spread+liquidity,all,236333,0.1401633047079784,0.00017249414764921098,0.00014436259443526928,15671
30,full,imb1+imb5+imb10+micro+momentum+book_change+spread+liquidity,afternoon_1300_1430,89786,0.1646334115905942,0.0001801830891689703,0.00014276807289927604,5400
30,full,imb1+imb5+imb10+micro+momentum+book_change+spread+liquidity,close_1430_1500,28146,0.1884732959193757,0.0001898952211425805,0.00014287881699918495,3154
30,full,imb1+imb5+imb10+micro+momentum+book_change+spread+liquidity,morning_1000_1130,89350,0.1192820075180539,0.00015590167488706134,0.00013933837242907643,5373
30,full,imb1+imb5+imb10+micro+momentum+book_change+spread+liquidity,open_0930_1000,29051,0.08456882199746929,0.00018393761524323216,0.0002034519975569286,1744
30,full,imb1+imb5+imb10+micro+momentum+book_change+spread+liquidity,robust_score,236333,0.09906475934875468,,,4
