Rank,Factors,FactorCount,MeanStockIC,MedianStockIC,PositiveStockRatio,MeanRegimeIC,MinRegimeIC,RegimeICStd,MeanTimeBlockIC,PositiveTimeBlockRatio,Stable
1,imb1+imb10+book_change,3,0.15860178918058335,0.16903691300023138,1.0,0.13692163042897854,0.0742485348671281,0.05213825338901323,0.14131475938442545,1.0,True
2,imb10+micro+book_change,3,0.15860178918058335,0.16903691300023138,1.0,0.13692163042897854,0.0742485348671281,0.05213825338901323,0.14131475938442545,1.0,True
3,imb1+imb10+micro+book_change,4,0.15860178918058335,0.16903691300023138,1.0,0.13692163042897854,0.0742485348671281,0.05213825338901323,0.14131475938442545,1.0,True
4,imb1+imb10+book_change+spread,4,0.1585308375951297,0.1685448568498529,1.0,0.13550999855236817,0.07419749536125676,0.051015571454102286,0.1399755166476385,1.0,True
5,imb10+micro+book_change+spread,4,0.1585308375951297,0.1685448568498529,1.0,0.13550999855236817,0.07419749536125676,0.051015571454102286,0.1399755166476385,1.0,True
6,imb1+imb5+imb10+book_change,4,0.15852812237372094,0.1674566476208445,1.0,0.13742749569742285,0.07425111006277946,0.05304915271433011,0.14131438465292484,1.0,True
7,imb5+imb10+micro+book_change,4,0.15852812237372094,0.1674566476208445,1.0,0.13742749569742285,0.07425111006277946,0.05304915271433011,0.14131438465292484,1.0,True
8,imb1+imb10+book_change+liquidity,4,0.15849511829830776,0.16843948977350742,1.0,0.13617815728277513,0.07454800121539304,0.05134390018980854,0.14060378781608324,1.0,True
9,imb10+micro+book_change+liquidity,4,0.15849511829830776,0.16843948977350742,1.0,0.13617815728277513,0.07454800121539304,0.05134390018980854,0.14060378781608324,1.0,True
10,imb1+imb5+book_change+spread,4,0.1566719585308176,0.1662855401377444,1.0,0.13446814368841176,0.07389479560943184,0.05068578946182024,0.13876425129247125,1.0,True
11,imb5+micro+book_change+spread,4,0.1566719585308176,0.1662855401377444,1.0,0.13446814368841176,0.07389479560943184,0.05068578946182024,0.13876425129247125,1.0,True
12,imb5+micro+book_change,3,0.15650822135467563,0.16587669908602976,1.0,0.13587524870732706,0.07406363123574523,0.051776281510093405,0.14000874576928063,1.0,True
13,imb1+imb5+micro+book_change,4,0.15650822135467563,0.16587669908602976,1.0,0.13587524870732706,0.07406363123574523,0.051776281510093405,0.14000874576928063,1.0,True
14,imb1+imb5+book_change,3,0.15650822079625637,0.16587669908602976,1.0,0.13587524885728752,0.07406363189536319,0.051776281254637,0.14000874577587108,1.0,True
15,imb1+imb10+momentum+book_change,4,0.1564970618010692,0.15970897527156036,1.0,0.13839416951959857,0.08832985241648326,0.0457121953015071,0.1417183805780426,1.0,True
16,imb10+micro+momentum+book_change,4,0.1564970618010692,0.15970897527156036,1.0,0.13839416951959857,0.08832985241648326,0.0457121953015071,0.1417183805780426,1.0,True
17,imb5+micro+book_change+liquidity,4,0.15643935864051345,0.16563455814285655,1.0,0.13519970045233098,0.07434100027879179,0.051048639049559766,0.13937307206148897,1.0,True
18,imb1+imb5+book_change+liquidity,4,0.15643935808209405,0.16563455814285655,1.0,0.13519970060229147,0.07434100093840977,0.05104863879466862,0.1393730720680794,1.0,True
19,imb1+imb10,2,0.1562872503974797,0.1693352192541256,1.0,0.13336943195812673,0.07253726234236109,0.04900105387477955,0.13843302291265508,1.0,True
20,imb10+micro,2,0.15628724683822426,0.1693352192541256,1.0,0.13336943048194913,0.07253726234236109,0.049001051976793386,0.13843302128727844,1.0,True
21,imb1+imb10+micro,3,0.15628724683816542,0.1693352192541256,1.0,0.13336943048194896,0.07253726234236109,0.04900105197679329,0.1384330212872763,1.0,True
22,imb10+micro+spread,3,0.15624697950067867,0.1690382081690096,1.0,0.13196495383731036,0.07245436040321758,0.04797746239072487,0.1370866152816153,1.0,True
23,imb1+imb10+micro+spread,4,0.15624697950067867,0.1690382081690096,1.0,0.13196495383731036,0.07245436040321758,0.04797746239072487,0.1370866152816153,1.0,True
24,imb1+imb10+spread,3,0.15624697950061978,0.1690382081690096,1.0,0.1319649538373102,0.07245436040321758,0.04797746239072477,0.13708661528161317,1.0,True
25,imb1+imb10+spread+liquidity,4,0.15624430781293785,0.16864603983996676,1.0,0.1323285018888227,0.07173178121649751,0.048767824538380654,0.1374349692574669,1.0,True
26,imb10+micro+spread+liquidity,4,0.1562443078128791,0.16864603983996676,1.0,0.13232850188882253,0.07173178121649751,0.04876782453838056,0.13743496925746473,1.0,True
27,imb1+book_change+spread+liquidity,4,0.1562432301109834,0.16468849015202702,1.0,0.13490177495563083,0.07288753720229035,0.05184225151813044,0.13906777853601568,1.0,True
28,micro+book_change+spread+liquidity,4,0.1562432301109834,0.16468849015202702,1.0,0.13490177495563083,0.07288753720229035,0.05184225151813044,0.13906777853601568,1.0,True
29,imb1+imb10+liquidity,3,0.15622319449501482,0.16948231538256628,1.0,0.13252736440581386,0.07297624475700061,0.048040156644903693,0.13764500493476203,1.0,True
30,imb10+micro+liquidity,3,0.15622319093576023,0.16948231538256628,1.0,0.13252736292963643,0.07297624475700061,0.04804015476267883,0.13764500330938553,1.0,True
31,imb1+imb10+micro+liquidity,4,0.1562231909357013,0.16948231538256628,1.0,0.1325273629296363,0.07297624475700061,0.04804015476267874,0.1376450033093834,1.0,True
32,imb1+imb5+imb10+spread,4,0.1561275783855683,0.17029466746927147,1.0,0.1320557206135585,0.07222759387662946,0.048302529862814386,0.1369872235816266,1.0,True
33,imb5+imb10+micro+spread,4,0.1561275783855683,0.17029466746927147,1.0,0.1320557206135585,0.07222759387662946,0.048302529862814386,0.1369872235816266,1.0,True
34,imb1+imb5+imb10,3,0.15606851716304368,0.17083733059800632,1.0,0.13327187801222887,0.0722817716946681,0.049239285670387364,0.13811100095717704,1.0,True
35,imb5+imb10+micro,3,0.15606851360374646,0.17083733059800632,1.0,0.13327187653605105,0.0722817716946681,0.04923928375706185,0.13811099933179832,1.0,True
36,imb1+imb5+imb10+micro,4,0.15606851360374646,0.17083733059800632,1.0,0.13327187653605105,0.0722817716946681,0.04923928375706185,0.13811099933179832,1.0,True
37,imb1+imb5+imb10+liquidity,4,0.1560583821820105,0.17083969882391226,1.0,0.1325853093075125,0.0726329259569507,0.04845667601705551,0.13747555069410322,1.0,True
38,imb5+imb10+micro+liquidity,4,0.1560583786227711,0.17083969882391226,1.0,0.132585307831335,0.0726329259569507,0.04845667411743764,0.13747554906872678,1.0,True
39,imb1+book_change+spread,3,0.15585700704012453,0.1633571301947625,1.0,0.13416095508384088,0.07374433695259455,0.05075160448195536,0.13828493567406397,1.0,True
40,micro+book_change+spread,3,0.15585700704012453,0.1633571301947625,1.0,0.13416095508384088,0.07374433695259455,0.05075160448195536,0.13828493567406397,1.0,True
41,imb1+micro+book_change+spread,4,0.15585700704012453,0.1633571301947625,1.0,0.13416095508384088,0.07374433695259455,0.05075160448195536,0.13828493567406397,1.0,True
42,micro+book_change,2,0.15579710967804228,0.16342237239313812,1.0,0.13558647841368612,0.07398047468040278,0.05178965756320898,0.13955566912049663,1.0,True
43,imb1+micro+book_change,3,0.15579710967804228,0.16342237239313812,1.0,0.13558647841368612,0.07398047468040278,0.05178965756320898,0.13955566912049663,1.0,True
44,imb1+book_change,2,0.15579710911962155,0.16342237239313812,1.0,0.13558647856364658,0.07398047534002072,0.05178965730878984,0.13955566912708706,1.0,True
45,micro+book_change+liquidity,3,0.15564132292606703,0.1629517055178311,1.0,0.13491609980001654,0.07418484409025868,0.051131218004130286,0.13891928274357243,1.0,True
46,imb1+micro+book_change+liquidity,4,0.15564132292606703,0.1629517055178311,1.0,0.13491609980001654,0.07418484409025868,0.051131218004130286,0.13891928274357243,1.0,True
47,imb1+book_change+liquidity,3,0.15564132236764602,0.1629517055178311,1.0,0.13491609994997703,0.07418484474987666,0.05113121775029575,0.13891928275016285,1.0,True
48,imb1+imb10+momentum+spread,4,0.15496405400315444,0.15830276588863879,0.98,0.1348058605101892,0.08774050351734276,0.04235534137017851,0.1385803378183018,1.0,True
49,imb10+micro+momentum+spread,4,0.15496405400315444,0.15830276588863879,0.98,0.1348058605101892,0.08774050351734276,0.04235534137017851,0.1385803378183018,1.0,True
50,imb1+imb10+momentum,3,0.15494970140003844,0.15855819357852075,0.96,0.1359046767400662,0.08753397464454858,0.04331410661227631,0.1396071339087316,1.0,True
51,imb10+micro+momentum,3,0.15494970140003844,0.15855819357852075,0.96,0.1359046767400662,0.08753397464454858,0.04331410661227631,0.1396071339087316,1.0,True
52,imb1+imb10+micro+momentum,4,0.1549497013999773,0.15855819357852075,0.96,0.13590467674006604,0.08753397464454858,0.043314106612276214,0.13960713390872945,1.0,True
53,imb1+imb10+momentum+liquidity,4,0.1548700042159988,0.1585788306034014,0.98,0.13505688878116118,0.088032989494658,0.042334365976327656,0.13881994299368056,1.0,True
54,imb10+micro+momentum+liquidity,4,0.1548700042159988,0.1585788306034014,0.98,0.13505688878116118,0.088032989494658,0.042334365976327656,0.13881994299368056,1.0,True
55,imb1+imb5+imb10+momentum,4,0.15474851028545256,0.1564603142979083,0.96,0.13575799358796226,0.08721831707528375,0.04350098052705805,0.13924740572699257,1.0,True
56,imb5+imb10+micro+momentum,4,0.15474851028545256,0.1564603142979083,0.96,0.13575799358796226,0.08721831707528375,0.04350098052705805,0.13924740572699257,1.0,True
57,imb1+imb5+spread+liquidity,4,0.1546989424688267,0.16771830539387556,1.0,0.13143351020871416,0.07137749255240947,0.04836865669696795,0.13659972674230658,1.0,True
58,imb5+micro+spread+liquidity,4,0.1546989424688267,0.16771830539387556,1.0,0.13143351020871416,0.07137749255240947,0.04836865669696795,0.13659972674230658,1.0,True
59,imb1+imb5+momentum+book_change,4,0.15467765201869205,0.15474066306643175,1.0,0.13738130740611834,0.08828848851244508,0.04527358907692867,0.1404985554347434,1.0,True
60,imb5+micro+momentum+book_change,4,0.15467765201869205,0.15474066306643175,1.0,0.13738130740611834,0.08828848851244508,0.04527358907692867,0.1404985554347434,1.0,True
61,imb1+imb5+spread,3,0.15462310255352005,0.16793397191094914,1.0,0.13093306305632485,0.07225251365859323,0.04738037184000473,0.13610690346465326,1.0,True
62,imb5+micro+spread,3,0.15462310255352005,0.16793397191094914,1.0,0.13093306305632485,0.07225251365859323,0.04738037184000473,0.13610690346465326,1.0,True
63,imb1+imb5+micro+spread,4,0.15462310255352005,0.16793397191094914,1.0,0.13093306305632485,0.07225251365859323,0.04738037184000473,0.13610690346465326,1.0,True
64,imb1+imb5+micro,3,0.15443198986345905,0.16786465778297666,1.0,0.13245378251340895,0.07227834372318515,0.048566058554930736,0.1374939063306043,1.0,True
65,imb5+micro,2,0.15443198599264257,0.16786465778297666,1.0,0.13245378251340895,0.07227834372318515,0.048566058554930736,0.1374939063306043,1.0,True
66,imb1+imb5,2,0.1544319844182559,0.16786465778297666,1.0,0.13245378177397998,0.07227833834876676,0.04856606081863936,0.13749390614213683,1.0,True
67,imb1+imb5+liquidity,3,0.15440606632775777,0.16827949386866986,1.0,0.1315518205443239,0.07277778427080513,0.047520966826810694,0.1366497158576351,1.0,True
68,imb1+imb5+micro+liquidity,4,0.15440606278479346,0.16827949386866986,1.0,0.13155181858101986,0.07277778278135585,0.04752096543295328,0.13664971403169868,1.0,True
69,imb5+micro+liquidity,3,0.15440606150492908,0.16827949386866986,1.0,0.13155181868652344,0.07277778278135585,0.04752096539058941,0.13664971403169868,1.0,True
70,imb1+momentum+book_change+spread,4,0.1540044130943033,0.1525466294853931,0.98,0.13592812036644056,0.08837371591017042,0.04431311236121619,0.13895857473983847,1.0,True
71,micro+momentum+book_change+spread,4,0.1540044130943033,0.1525466294853931,0.98,0.13592812036644056,0.08837371591017042,0.04431311236121619,0.13895857473983847,1.0,True
72,imb1+momentum+book_change,3,0.1539276774882098,0.15239787222353474,1.0,0.13706003874482262,0.08823435766967706,0.04528721481068898,0.14000649563308276,1.0,True
73,micro+momentum+book_change,3,0.1539276774882098,0.15239787222353474,1.0,0.13706003874482262,0.08823435766967706,0.04528721481068898,0.14000649563308276,1.0,True
74,imb1+micro+momentum+book_change,4,0.1539276774882098,0.15239787222353474,1.0,0.13706003874482262,0.08823435766967706,0.04528721481068898,0.14000649563308276,1.0,True
75,imb1+momentum+book_change+liquidity,4,0.1537875903303509,0.15219053929006354,1.0,0.13633016291731734,0.08856328655786798,0.04452710358275455,0.13932132050184148,1.0,True
76,micro+momentum+book_change+liquidity,4,0.1537875903303509,0.15219053929006354,1.0,0.13633016291731734,0.08856328655786798,0.04452710358275455,0.13932132050184148,1.0,True
77,imb1+imb5+momentum+spread,4,0.15345281862972512,0.15633068071354453,0.98,0.1337678931755109,0.0877265748986436,0.04171376489324892,0.13750725491763832,1.0,True
78,imb5+micro+momentum+spread,4,0.1534528186296667,0.15633068071354453,0.98,0.13376789317551074,0.0877265748986436,0.04171376489324881,0.1375072549176362,1.0,True
79,imb1+imb5+momentum,3,0.15319565960589462,0.15620301243867968,0.98,0.13484284505307928,0.08746777737214735,0.042686839754411066,0.1384973616303288,1.0,True
80,imb5+micro+momentum,3,0.15319565960589462,0.15620301243867968,0.98,0.13484284505307928,0.08746777737214735,0.042686839754411066,0.1384973616303288,1.0,True
81,imb1+imb5+micro+momentum,4,0.1531956596058366,0.15620301243867968,0.98,0.1348428450530791,0.08746777737214735,0.04268683975441096,0.13849736163032667,1.0,True
82,imb1+imb5+momentum+liquidity,4,0.1531870493885476,0.15643776394252296,0.98,0.13399734704957503,0.08799038461133238,0.04170639315159271,0.13772772963349506,1.0,True
83,imb5+micro+momentum+liquidity,4,0.1531870493885476,0.15643776394252296,0.98,0.13399734704957503,0.08799038461133238,0.04170639315159271,0.13772772963349506,1.0,True
84,imb1+spread+liquidity,3,0.15210231333572877,0.16442933891228284,1.0,0.13017167559907525,0.07044806977375209,0.04825370803051247,0.13500984967016827,1.0,True
85,micro+spread+liquidity,3,0.15210231333572877,0.16442933891228284,1.0,0.1301716758042681,0.07044806977375209,0.04825370795001472,0.13500984967016827,1.0,True
86,imb1+micro+spread+liquidity,4,0.15210231333572877,0.16442933891228284,1.0,0.1301716758042681,0.07044806977375209,0.04825370795001472,0.13500984967016827,1.0,True
87,imb1+spread,2,0.15181283956441452,0.1648353389669665,1.0,0.12950970765949088,0.07142967574846101,0.04716310447319536,0.13428070793272,1.0,True
88,micro+spread,2,0.15181282758613815,0.1648353389669665,1.0,0.12950970609318163,0.0714296701349829,0.047163106590754886,0.13428070471812203,1.0,True
89,imb1+micro+spread,3,0.15181282758613815,0.1648353389669665,1.0,0.12950970609318163,0.0714296701349829,0.047163106590754886,0.13428070471812203,1.0,True
90,micro,1,0.1517006571925324,0.1645863279863945,1.0,0.13122610771261445,0.07168636061825207,0.04833312645491801,0.13584871602380158,1.0,True
91,imb1+micro,2,0.1517006571925324,0.1645863279863945,1.0,0.13122610771261445,0.07168636061825207,0.04833312645491801,0.13584871602380158,1.0,True
92,imb1,1,0.15166965380483388,0.16458705446305438,1.0,0.1312197919452031,0.07167038997084442,0.04834134347899254,0.13584081601346867,1.0,True
93,imb1+micro+liquidity,3,0.15154007912849063,0.16480260822415882,1.0,0.13030626865492717,0.0720876505880439,0.04736365388896388,0.13497693180470616,1.0,True
94,micro+liquidity,2,0.1515400750653228,0.16480260822415882,1.0,0.13030626845654542,0.0720876505880439,0.04736365377269277,0.13497693180636952,1.0,True
95,imb1+liquidity,2,0.151526139665777,0.16480258987484397,1.0,0.1303035789714243,0.07207670144170408,0.04736789189934676,0.13497512652530885,1.0,True
96,imb1+momentum+spread+liquidity,4,0.1513679047440723,0.15098042626550306,0.96,0.13284475227575915,0.08668689285915751,0.04192218609727744,0.13626182945684182,1.0,True
97,micro+momentum+spread+liquidity,4,0.1513679047440723,0.15098042626550306,0.96,0.13284475227575915,0.08668689285915751,0.04192218609727744,0.13626182945684182,1.0,True
98,imb1+micro+momentum+spread,4,0.1511454794863015,0.15062175946572695,0.96,0.13231663479046138,0.08722481117000629,0.04123534741352701,0.135724567990814,1.0,True
99,imb1+momentum+spread,3,0.15114547948624654,0.15062175946572695,0.96,0.13231663479046124,0.08722481117000629,0.041235347413526906,0.1357245679908119,1.0,True
100,micro+momentum+spread,3,0.15114547948624654,0.15062175946572695,0.96,0.13231663479046124,0.08722481117000629,0.041235347413526906,0.1357245679908119,1.0,True
101,imb1+micro+momentum,3,0.15096482215286353,0.15038223479729396,0.96,0.13344720368781915,0.08705618263941944,0.04217246132495413,0.13680370031048128,1.0,True
102,micro+momentum,2,0.1509648142726897,0.15038223479729396,0.96,0.1334472033625612,0.08705618263941944,0.04217246111928689,0.13680370028467348,1.0,True
103,imb1+momentum,2,0.15096469912657706,0.1503817943695133,0.96,0.13344717050435292,0.08705615334195184,0.04217244664604716,0.1368036569266184,1.0,True
104,micro+momentum+liquidity,3,0.15084304318978187,0.15022419302191975,0.96,0.13262618141177618,0.08745281480630053,0.04133864563249546,0.13601356975881074,1.0,True
105,imb1+micro+momentum+liquidity,4,0.15084304318978187,0.15022419302191975,0.96,0.13262618141177618,0.08745281480630053,0.04133864563249546,0.13601356975881074,1.0,True
106,imb1+momentum+liquidity,3,0.15084303874465746,0.1502243936201633,0.96,0.13262616989891385,0.0874527957261693,0.041338646497603285,0.13601356131514772,1.0,True
107,imb10+book_change+spread+liquidity,4,0.15068141226845178,0.14804916266162876,1.0,0.11215606019981664,0.05601585663371872,0.04896388593241278,0.11477168116618981,1.0,True
108,imb10+book_change+liquidity,3,0.15021709922190316,0.1474555926355746,1.0,0.11233409502012323,0.05655285782690503,0.048658099331794775,0.11493281364180927,1.0,True
109,imb10+book_change+spread,3,0.15003336288950483,0.1472908432416543,1.0,0.11128190568556741,0.05673889074108441,0.04757045917376772,0.11392846729093775,1.0,True
110,imb10+book_change,2,0.1500252070546757,0.14728380322385584,1.0,0.1113655186627122,0.056741594368764366,0.04764443002938338,0.11400409413140591,1.0,True
111,imb5+imb10+book_change,3,0.145752946952033,0.15418286661298772,1.0,0.11234099785440546,0.05776865803407997,0.04676200223085835,0.1157740639140052,1.0,True
112,imb5+imb10+book_change+liquidity,4,0.14573352732551165,0.15421471498005632,1.0,0.11228206894557348,0.05778578174319095,0.046695994396344656,0.11571844543069959,1.0,True
113,imb5+imb10+book_change+spread,4,0.14551405395059905,0.15466009560922828,1.0,0.11113961623604339,0.05776854613377731,0.04566667845681408,0.11470246943585986,1.0,True
114,imb5+book_change+spread+liquidity,4,0.14426541852012054,0.155394869212156,1.0,0.11187769879778263,0.05709951989387067,0.04688030606446591,0.11552008906155112,1.0,True
115,imb5+book_change+spread,3,0.14366606668056217,0.1547333365282254,1.0,0.11065536256867191,0.058063011044016184,0.0449909021737491,0.11435315098254795,1.0,True
116,imb5+book_change,2,0.14361968351362747,0.15481540792959203,1.0,0.11214713257399465,0.058024228462587875,0.04637479339535531,0.11567576428200434,1.0,True
117,imb5+book_change+liquidity,3,0.14356042369035218,0.15467355902587426,1.0,0.11185295238941736,0.05810784412869862,0.04603392013462738,0.11540872928368427,1.0,True
118,imb10+momentum+book_change+liquidity,4,0.1435338391328508,0.13050006832112776,1.0,0.11534240039501094,0.07563622418609121,0.041526917640024495,0.11649383659361243,1.0,True
119,imb10+momentum+book_change,3,0.14345705738818007,0.13031744405431103,1.0,0.11473469360626239,0.07575140038272844,0.04088545484829755,0.11592597639644013,1.0,True
120,imb10+momentum+book_change+spread,4,0.14345658645257722,0.13031220232784818,1.0,0.11474576967991376,0.07575408266551387,0.04089381304913735,0.11593600585514591,1.0,True
121,imb5+imb10+momentum+book_change,4,0.14145946571837914,0.1396660040383904,1.0,0.116071636146408,0.07715394034443668,0.03962369497577575,0.11810158992837509,1.0,True
122,imb5+momentum+book_change+spread,4,0.14019510383673367,0.13931229693051767,1.0,0.1145509316225152,0.0774234227689983,0.03792682849805255,0.11685709384618602,1.0,True
123,imb5+momentum+book_change,3,0.14011125429121477,0.13928738102106059,1.0,0.1158123705287269,0.077391818080003,0.03911982824315241,0.1179326172159571,1.0,True
124,imb5+momentum+book_change+liquidity,4,0.1400580857367004,0.1393384769005827,1.0,0.11528934848025407,0.077529969825908,0.03852897459237278,0.11748634328518998,1.0,True
125,imb10+spread+liquidity,3,0.13654383117239402,0.1447530019623634,1.0,0.09196350154757855,0.04635183436783832,0.036357781994784684,0.09581222889179505,1.0,True
126,imb10+liquidity,2,0.13624919750528264,0.14436439281437485,1.0,0.09214098147065683,0.04679523769772445,0.03619820412065377,0.09597435487373204,1.0,True
127,imb10+spread,2,0.1361450083891368,0.14420247300157624,1.0,0.09164947431235025,0.04695053920384484,0.035653377533748164,0.09548025129628002,1.0,True
128,imb10,1,0.13614150555782506,0.1441952838570043,1.0,0.0917118538064004,0.04695392090477828,0.03570475990912045,0.0955460009828086,1.0,True
129,imb10+momentum+spread+liquidity,4,0.13406351842729222,0.12924809351979416,0.98,0.10068085702065989,0.07137080117955229,0.03013971906486047,0.10284970064542141,1.0,True
130,imb10+momentum+liquidity,3,0.13403421495147563,0.12900878033250168,0.98,0.10071983228455864,0.07147371390853216,0.030086759479924636,0.10288728433337731,1.0,True
131,imb10+momentum,2,0.1340226257404471,0.12887041393818932,0.98,0.10050804473913255,0.0715230612498009,0.029856571845053338,0.10267285171746318,1.0,True
132,imb10+momentum+spread,3,0.13402113718260433,0.12886430289272965,0.98,0.10054485400379433,0.07152574233318511,0.029886217075484858,0.10271014867505794,1.0,True
133,imb5+imb10+momentum,3,0.13374870337184125,0.13362935059284353,1.0,0.10668248002746705,0.07511243873821241,0.030892631106514183,0.10987567947472643,1.0,True
134,imb5+momentum+spread+liquidity,4,0.1336573202595629,0.13386201933871278,1.0,0.105596965288105,0.07483077780014244,0.03012513585848156,0.10904910445172084,1.0,True
135,imb5+imb10+momentum+spread,4,0.13364674991799552,0.1344178756612571,1.0,0.10519835567278145,0.07519674610825867,0.02950908631810663,0.10867080411478772,1.0,True
136,imb5+imb10+momentum+liquidity,4,0.1336275521109321,0.13415794406588677,1.0,0.1056974134280937,0.07544440364828191,0.02977450049211195,0.10902058320111585,1.0,True
137,imb5+momentum+spread,3,0.13356398265614014,0.13463080202777938,1.0,0.10517527926741344,0.07521698558351188,0.029463807558155874,0.10865911398538419,1.0,True
138,imb5+momentum,2,0.1334265683474028,0.13446802803451796,1.0,0.10665639290392383,0.07515935351027851,0.030806195564130653,0.10987426464690342,1.0,True
139,imb5+momentum+liquidity,3,0.13336744804029446,0.13437427799577634,1.0,0.10566323839860521,0.0755130538433731,0.0296834525958638,0.10900523549794472,1.0,True
140,imb5+imb10,2,0.13304493367006567,0.14017154004296123,1.0,0.09916538641295228,0.05192552131211075,0.03698104343236791,0.10412007644873356,1.0,True
141,imb5+spread+liquidity,3,0.13299493239821245,0.1398092632981734,1.0,0.09810451466967968,0.051276610319014454,0.03659561872847414,0.1031692301966319,1.0,True
142,imb5+imb10+spread+liquidity,4,0.13295543222009046,0.1398758252049559,1.0,0.09810131651711146,0.05127920113268501,0.03659149912835653,0.10316451759683615,1.0,True
143,imb5+imb10+liquidity,3,0.13284159381564917,0.14123168878644177,1.0,0.09828652233588916,0.05237872968699918,0.03588461716994946,0.10330414533237435,1.0,True
144,imb5+imb10+spread,3,0.13279501001722768,0.1409906289158427,1.0,0.09748535863504217,0.05218489521894391,0.03538916021156214,0.10257517791747404,1.0,True
145,imb5+spread,2,0.1327056405901205,0.14112895191757707,1.0,0.09747091652349336,0.052202405008890396,0.03536438768209979,0.10256483580673656,1.0,True
146,imb5,1,0.13258869831022235,0.14086311290608367,1.0,0.09916250081993545,0.05203424422786751,0.03688909460953244,0.104134614743622,1.0,True
147,imb5+liquidity,2,0.1324590910094953,0.14168849973965147,1.0,0.09825741128951954,0.052493648093311494,0.03577402264571191,0.10329191274135671,1.0,True
148,book_change+spread+liquidity,3,0.12203915638649108,0.10745165748062444,1.0,0.10141627996161545,0.052339789843783326,0.048617795537590665,0.10107841409211854,1.0,True
149,book_change+liquidity,2,0.12081244017802538,0.10674033626654192,1.0,0.10232094037454928,0.05449125975206522,0.04862469371533473,0.10169816685145376,1.0,True
150,book_change+spread,2,0.11860658114727451,0.10627006437730066,1.0,0.10097102247440527,0.055904012960342385,0.04632892507118716,0.10031997023280535,1.0,True
151,book_change,1,0.118604813312663,0.10626733205066734,1.0,0.10109538511788949,0.055889540428152654,0.04650766169001472,0.10043162319242777,1.0,True
152,momentum+book_change+spread+liquidity,4,0.11653128560822631,0.1001449734087984,1.0,0.10155713370785241,0.06478800018870667,0.04024441972416989,0.09916125851442317,1.0,True
153,momentum+book_change+liquidity,3,0.11571458710476504,0.1024319664481791,1.0,0.1024344181578217,0.06456361342123136,0.04024462237994996,0.0998630892705675,1.0,True
154,momentum+book_change,2,0.11386504054010019,0.10342686913705777,1.0,0.10123682220418617,0.06351662601952385,0.03936014741574008,0.09869291205192429,1.0,True
155,momentum+book_change+spread,3,0.1138631485702698,0.10341124583812132,1.0,0.1012110425233629,0.0635140679557008,0.039335690667776334,0.09867720573963822,1.0,True
156,momentum,1,0.0553134700870112,0.05129729642332401,0.8,0.03791353056881114,0.01736988938722313,0.018812529665214604,0.036262905726019035,0.875,True
157,momentum+spread+liquidity,3,0.05445419449418767,0.051115090892292374,0.82,0.04392412258702434,0.022651178410876806,0.017470486678524594,0.04121658575736807,0.875,True
158,momentum+liquidity,2,0.053833343605606855,0.05347055185310656,0.82,0.043307811738584376,0.019843963912168864,0.01856843882724426,0.04085105405643749,0.875,True
159,spread+liquidity,2,0.029478008190269144,0.0241843500352899,0.78,0.019104148818607853,-0.012072707603602646,0.023212862523439567,0.02191131441638185,0.875,False
160,liquidity,1,0.029136376665000047,0.015475162125578442,0.76,0.024558634399513637,-0.010835182725941904,0.027535555080245955,0.02723755908204672,0.875,False
161,momentum+spread,2,0.022513998008289623,0.028448614717212745,0.68,0.03545366446783715,0.01686223482608935,0.01880977446807371,0.03336159259066254,0.875,False
162,spread,1,-0.08260501684520577,-0.1019649408005167,0.14,-0.019209354272727536,-0.03916468815120371,0.020456840355433516,-0.022070474424462153,0.25,False
