Metric,Value
SelectionScope,2026-09-23 in-sample only
HorizonSeconds,180
Winner,spread
CombinationsTested,162
Coefficient_Intercept,-5.6556839855895115e-05
Coefficient_spread,3.894334114835508e-06
MeanStockIC,0.18022323349992128
StockBootstrapCI95Low,0.14815898253648313
StockBootstrapCI95High,0.21286895503290776
PositiveStockRatio,0.9
MeanTimeBlockIC,0.03069574023322639
TimeBlockBootstrapCI95Low,0.014586396552477622
TimeBlockBootstrapCI95High,0.05381528495931308
PositiveTimeBlockRatio,1.0
MinRegimeIC,0.005198646110972815
