Symbol,IC
600028,0.24906152644285662
600030,0.254581356100942
600031,0.0763360871008912
600036,0.23088009477054924
600050,0.22662489103100397
600089,0.33328705415692383
600111,0.3295397488732495
600150,0.12926172646228398
600183,0.08472395371226604
600276,0.1669914599399228
600309,0.07820640280129364
600406,0.28646167003617995
600519,0.0317614660808348
600760,0.11146440331147993
600809,0.20344452929177195
600887,0.34844951804795726
600900,0.25089374317918667
600930,0.1629474930836679
601012,0.17035101845060643
601088,0.15817103719903203
601127,0.10975695646624846
601166,0.3141633014935993
601211,0.24712386469407577
601288,0.2391356475060973
601318,0.12411192241049504
601328,0.2932107652039242
601398,0.25336023848665135
601600,0.3844962079049167
601601,0.17795645403240284
601628,0.16700212397812403
601658,0.29548184118871296
601668,0.0657322473461192
601688,0.2989168353837325
601728,0.24609311503922104
601857,0.3158610029808372
601888,0.18552753901470959
601899,0.35458299732824167
601919,0.25685334383750585
601988,0.26878940609734425
603019,0.1297016743297592
603259,0.05711281952591634
603501,0.10196678617999086
603986,-0.038114591567782706
603993,0.3144467725672081
688008,-0.002148151812000859
688012,-0.008887787822981372
688041,0.02032508707391846
688111,-0.05741926007102377
688256,-0.00857952501071815
688981,0.021162861137918876
