Time,Symbol,Side,Price,Quantity,Score,Imbalance,MicroSignal,Fee,CashAfter,PositionAfter,SellableAfter
93100000,600406,BUY,22.15,100,0.7026913212181308,0.6319439181508147,0.8677685950418684,5.02215,652877.97785,500,400
93100000,603019,BUY,84.6,100,0.729868199468346,0.6272842409987335,0.9692307692307754,5.0846,644412.8932500001,200,100
93100000,688111,BUY,228.02,100,0.81716323662526,0.8613411294144103,0.7140814867839095,7.068619999999999,621603.82463,100,0
93101000,600089,BUY,18.16,100,0.8028845092193616,0.8255492988848405,0.7499999999999112,5.01816,619782.8064700001,600,500
93101000,601166,BUY,17.86,100,0.8096186885653422,0.7477765333684696,0.9539170506913784,5.01786,617991.78861,600,500
93101000,601857,SELL,10.76,100,-0.7603028548569253,-0.6592230664907945,-0.9961556943778972,5.548760000000001,619062.23985,800,800
93102000,601688,SELL,18.47,100,-0.7495273394300079,-0.6548075856715093,-0.9705400981998383,5.9419699999999995,620903.29788,400,400
93106000,600900,BUY,27.99,100,0.7472315307075577,0.6665519563103164,0.9354838709677877,5.02799,618099.26989,400,300
93107000,603259,BUY,167.87,100,0.7179764334752724,0.6979495268138801,0.7647058823518544,5.203969999999999,601307.06592,100,0
93109000,600036,SELL,40.82,100,-0.8260706832826797,-0.7664178850151655,-0.9652605459068797,7.0818200000000004,605381.9841,100,100
93110000,600030,BUY,26.84,100,0.7465049306147109,0.8152040880701533,0.5862068965520121,5.02684,602692.95726,400,300
93110000,600309,BUY,70.21,100,0.781777350406627,0.7068868980963046,0.9565217391307128,5.07021,595666.88705,200,100
93110000,601899,SELL,31.72,100,-0.8033637109585816,-0.8260737190504719,-0.7503736920775044,6.61772,598832.26933,200,200
93111000,600760,BUY,44.53,100,0.7419844373490443,0.8039854378233379,0.5973154362423594,5.04453,594374.2248000001,300,200
93111000,601888,BUY,52.07,100,0.7878565607170898,0.7921760391198043,0.7777777777774225,5.05207,589162.1727300001,200,100
93112000,601012,BUY,11.34,100,0.7134386977511163,0.5963793476981366,0.9865771812080691,5.01134,588023.1613900001,900,800
93114000,601601,SELL,32.02,100,-0.7325388162797035,-0.668332762752482,-0.8823529411765542,6.63302,591218.5283700002,200,200
93118000,603993,SELL,17.95,100,-0.8377988168779993,-0.7883107263814365,-0.9532710280366461,5.91545,593007.6129200002,400,400
93120000,601318,BUY,54.35,100,0.8748121602857416,0.8252581231172534,0.9904382470122142,5.05435,587567.5585700002,200,100
93120000,603501,SELL,82.73,100,-0.7065097715386907,-0.8256262042389211,-0.42857142857148656,9.21923,595831.3393400002,0,0
93121000,601127,SELL,47.66,100,-0.7869472199365615,-0.7685872138910813,-0.8297872340426817,7.43066,600589.9086800002,100,100
93121000,601211,SELL,17.68,100,-0.7751612799006882,-0.6950509821191844,-0.9620853080575303,5.901680000000001,602352.0070000002,400,400
93124000,600150,BUY,39.66,100,0.857428557697089,0.847432308964077,0.8807531380741171,5.03966,598380.9673400002,300,200
93127000,600183,BUY,142.05,100,0.882680735735814,0.8717596516351522,0.9081632653040247,5.14205,584170.8252900002,100,0
93131000,688981,BUY,122.08,100,0.7239554862314759,0.7496571850497522,0.663984855655498,5.12208,571957.7032100002,100,0
93142000,600031,BUY,17.71,100,0.8010495240601532,0.7379699083212705,0.9482352941175459,5.01771,570181.6855000001,600,500
93144000,600809,BUY,113.3,100,0.7145186629828513,0.6533940083428139,0.8571428571429384,5.1133,558846.5722000002,100,0
93220000,688008,BUY,224.46,100,0.7301671287068121,0.6664725215293089,0.8787878787876527,6.958259999999999,536393.6139400002,100,0
93222000,601088,SELL,47.41,100,-0.7092997929285776,-0.6506480558325025,-0.846153846152753,7.41791,541127.1960300002,100,100
93225000,600276,BUY,45.67,100,0.7479229172610697,0.7028438769587929,0.8531073446330494,5.04567,536555.1503600002,300,200
93230000,600887,BUY,26.8,100,0.7424535832108563,0.6656301824212272,0.9217081850533245,5.0268,533870.1235600002,400,300
93318000,600111,BUY,37.65,100,0.8988377617782723,0.8582680321462212,0.9935004642530587,5.03765,530100.0859100003,300,200
93324000,601919,BUY,16.43,100,0.711934255501562,0.6538528105228746,0.8474576271184996,5.01643,528452.0694800003,700,600
93452000,601628,BUY,38.57,100,0.7782939066348327,0.7286885515788089,0.8940397350988883,5.03857,524590.0309100003,300,200
94112000,603019,SELL,84.51,100,-0.7232946959985047,-0.6746775540502923,-0.8367346938776671,9.31001,533031.7209000003,100,0
94113000,600089,BUY,18.14,100,0.7689842903746362,0.6794932341450277,0.9777967549103898,5.01814,531212.7027600004,700,500
94115000,601012,SELL,11.45,100,-0.7275681215285081,-0.6308758076410428,-0.9531835205992609,5.58395,532352.1188100004,800,700
94119000,601899,BUY,31.63,100,0.8248431565790373,0.8033473665414438,0.8750000000000888,5.03163,529184.0871800004,300,200
94120000,601318,BUY,54.32,100,0.8541682455474962,0.8293455313159747,0.912087912087713,5.05432,523747.0328600004,300,100
94121000,603993,BUY,17.81,100,0.8204222095203564,0.8082038615004603,0.8489316882334476,5.01781,521961.0150500004,500,400
94126000,601888,BUY,52.49,100,0.7491711048453444,0.6481176900584796,0.9849624060146956,5.05249,516706.9625600004,300,100
94127000,601127,SELL,48.39,100,-0.799247105028384,-0.7316037735849057,-0.957081545063167,7.467890000000001,521538.4946700004,0,0
94134000,688981,BUY,121.72,100,0.8695249014380352,0.8487824482135681,0.9179239589617919,5.12172,509361.3729500004,200,0
94137000,600309,BUY,69.91,100,0.9178008849458343,0.9068179982227966,0.9434276206329227,5.06991,502365.3030400004,300,100
94157000,600406,BUY,22.16,100,0.7899299194743722,0.7390586956959173,0.9086294416241004,5.02216,500144.2808800004,600,400
94203000,600150,BUY,39.19,100,0.8246763404431021,0.8156242026158315,0.8457979953734003,5.03919,496220.2416900004,400,200
94214000,601601,BUY,31.85,100,0.7827392179012778,0.7044569153409189,0.9653979238754485,5.03185,493030.2098400004,300,200
94216000,600030,BUY,26.84,100,0.7043886785791091,0.5805434233610723,0.9933609407545286,5.02684,490341.18300000037,500,300
94236000,600031,BUY,17.73,100,0.7122344999425125,0.5948484933571837,0.9861351819749467,5.01773,488563.16527000035,700,500
94236000,600036,SELL,40.86,100,-0.760525393007407,-0.6968544575433259,-0.9090909090902631,7.0838600000000005,492642.08141000033,0,0
94246000,601088,SELL,47.49,100,-0.8248370096590629,-0.7793238069020747,-0.9310344827587024,7.421989999999999,497383.65942000033,0,0
94314000,600760,BUY,44.36,100,0.846538167938727,0.7986259541984734,0.9583333333326524,5.04436,492942.61506000033,400,200
94324000,600887,SELL,26.9,100,-0.8050207458985152,-0.7259224941407314,-0.9895833333333445,6.3719,495626.2431600003,300,200
94341000,603501,BUY,82.42,100,0.7788691481455021,0.7168141592920354,0.9236641221369245,5.08242,487379.1607400003,100,0
94428000,600276,SELL,45.83,100,-0.7189923800725218,-0.6235386323558227,-0.9417177914114865,7.33733,491954.8234100003,200,100
94429000,600809,BUY,114.2,100,0.7631359545238939,0.6901942207484605,0.9333333333332386,5.1142,480529.7092100003,200,0
94436000,600111,BUY,37.52,100,0.7414126816935006,0.663404255319149,0.9234323432336544,5.03752,476772.6716900003,400,200
94536000,601211,BUY,17.66,100,0.7234364684017673,0.606954927584065,0.9952267303097394,5.01766,475001.65403000027,500,400
94606000,600900,BUY,28.03,100,0.8208383563650534,0.7906529133807352,0.891271056661796,5.02803,472193.6260000003,500,300
94611000,601688,BUY,18.4,100,0.7459333779537647,0.638332754540829,0.9970014992506145,5.0184,470348.6076000003,500,400
94648000,601919,BUY,16.3,100,0.803977357836869,0.7209527851408413,0.997701360794267,5.0163,468713.59130000026,800,600
94746000,601857,BUY,10.72,100,0.8235261743255681,0.750732033386638,0.9933791698497386,5.01072,467636.58058000024,900,800
94819000,601628,BUY,38.55,100,0.7734818984057841,0.7019890659532395,0.9402985074617215,5.03855,463776.54203000024,400,200
94907000,601166,BUY,17.84,100,0.819334526234361,0.74471308968095,0.9934512115256534,5.01784,461987.52419000026,700,500
